id;name;created_by;created_at;last_updated_by;last_updated_at
1;Assistant;Generic heuristic;2021-03-13T23:17:54;mint green payment Bedfordshire;2021-03-13T19:38:59
2;Concrete;firmware index mission-critical;2021-03-13T23:03:43;Cotton;2021-03-13T20:22:39
3;sky blue Consultant Malta;alarm Licensed Rubber Bacon;2021-03-14T07:59:55;Ball Extended;2021-03-14T08:28:05
4;Pa'anga Directives Direct;Villages fuchsia Administrator;2021-03-14T16:16:10;Uzbekistan Sum;2021-03-14T10:38:41
5;Handcrafted;Ergonomic California withdrawal;2021-03-13T23:39:48;Specialist copying;2021-03-14T12:29:15
6;multi-byte;deposit transmit violet;2021-03-14T12:54:05;primary;2021-03-14T17:43:27
7;Yuan Renminbi Algerian Dinar;Accounts Falkland Islands Pound;2021-03-14T02:24:18;Investment Account Chair azure;2021-03-14T14:08:26
8;benchmark quantifying Lead;invoice;2021-03-14T07:11:11;COM Rhode Island;2021-03-14T07:37:56
9;Balboa US Dollar;revolutionary Concrete Re-engineered;2021-03-14T00:08:39;hacking;2021-03-14T05:44:51
10;Berkshire;Towels fuchsia;2021-03-14T12:41:22;ivory Ports Outdoors;2021-03-14T12:57:53
