id;name;price;created_by;created_date;last_modified_by;last_modified_date
1;cultivate Multi-channelled;92547;Intranet;2021-03-13T21:32:38;Corporate reboot;2021-03-14T15:40:28
2;grey Directives;81136;target;2021-03-14T01:02:03;Borders Liberia Program;2021-03-14T03:04:26
3;lavender Money Market Account;88008;Bedfordshire;2021-03-14T12:23:47;Books;2021-03-14T01:50:43
4;Grocery Tennessee Keyboard;25544;generate;2021-03-13T20:24:42;invoice Buckinghamshire Metal;2021-03-14T03:15:47
5;olive Ergonomic Frozen;22855;Practical Concrete Hat deposit content;2021-03-13T23:42:13;Aruba synthesizing;2021-03-14T09:27:48
6;compressing Practical;12723;Gloves Phased;2021-03-14T16:48:47;Small;2021-03-14T13:27:46
7;envisioneer Metrics Luxembourg;89645;transition input Savings Account;2021-03-13T20:59:18;users;2021-03-14T15:56:53
8;Tactics Savings Account Venezuela;92735;payment;2021-03-14T07:16:31;tan iterate;2021-03-13T20:33:07
9;PCI Rand Chicken;22390;hacking Expanded;2021-03-14T12:16:35;hub Manager;2021-03-14T12:23:00
10;invoice Assimilated navigating;80606;Pizza zero defect Movies;2021-03-14T01:54:35;Multi-tiered bypass Accountability;2021-03-14T12:53:05
