id;model;condition;price;created_by;created_at;last_updated_by;last_updated_at
1;Canadian Dollar Re-engineered Grass-roots;connect overriding;74870;hard drive Money Market Account Cambridgeshire;2021-03-14T13:39:10;withdrawal Wooden Hat;2021-03-14T00:10:34
2;technologies;Fresh North Carolina Kansas;29015;grow Handcrafted Personal Loan Account;2021-03-14T12:16:16;Tools Coordinator;2021-03-13T20:54:50
3;internet solution;e-business;6247;quantifying index Infrastructure;2021-03-14T00:29:31;vortals strategic heuristic;2021-03-14T13:47:26
4;RAM;hard drive;29048;transform;2021-03-14T11:17:57;withdrawal aggregate US Dollar;2021-03-13T19:46:48
5;Developer strategy Forge;e-enable;24729;digital next-generation Pants;2021-03-14T12:21:35;Persevering;2021-03-14T17:58:26
6;Tools RSS;Gloves;38722;program Mountains;2021-03-14T17:11:06;visualize Utah;2021-03-14T05:20:43
7;intangible deposit synthesizing;fuchsia;8395;program Buckinghamshire;2021-03-13T22:39:59;Rubber National ivory;2021-03-14T03:06:59
8;transitional Delaware;bypass Flat;63860;indigo Convertible Marks;2021-03-14T13:37:19;Credit Card Account;2021-03-14T16:11:39
9;Alley JSON Norway;Pizza;69760;Sleek;2021-03-14T06:13:32;toolset Hat;2021-03-14T01:11:15
10;magenta calculating;Senior Kwacha Central;28782;invoice;2021-03-14T08:41:19;frictionless Ways;2021-03-14T15:54:41
